{"cameraMode":{"drawMode":0,"name":"Shaded","section":"Shading Mode"},"sceneLighting":true,"audioPlay":false,"sceneViewState":{"m_AlwaysRefresh":false,"showFog":true,"showSkybox":true,"showFlares":true,"showImageEffects":true,"showParticleSystems":true,"showVisualEffectGraphs":true,"m_FxEnabled":true},"in2DMode":false,"pivot":{"x":3.5267813205718996,"y":0.020005693659186364,"z":-8.734879493713379},"rotation":{"x":0.22831104695796967,"y":0.5652403235435486,"z":-0.1666180044412613,"w":0.7752301692962647},"size":6.280837059020996,"orthographic":false}