{"cameraMode":{"drawMode":0,"name":"Shaded","section":"Shading Mode"},"sceneLighting":true,"audioPlay":false,"sceneViewState":{"m_AlwaysRefresh":false,"showFog":true,"showSkybox":true,"showFlares":true,"showImageEffects":true,"showParticleSystems":true,"showVisualEffectGraphs":true,"m_FxEnabled":true},"in2DMode":false,"pivot":{"x":0.2940666079521179,"y":-0.47167444229125979,"z":2.971602439880371},"rotation":{"x":0.24811258912086488,"y":-0.029108071699738504,"z":0.007419160567224026,"w":0.9684104919433594},"size":8.489761352539063,"orthographic":false}