{"cameraMode":{"drawMode":0,"name":"Shaded","section":"Shading Mode"},"sceneLighting":true,"audioPlay":false,"sceneViewState":{"m_AlwaysRefresh":false,"showFog":true,"showSkybox":true,"showFlares":true,"showImageEffects":true,"showParticleSystems":true,"showVisualEffectGraphs":true,"m_FxEnabled":true},"in2DMode":false,"pivot":{"x":10.149999618530274,"y":1.5200001001358033,"z":6.5199995040893559},"rotation":{"x":-0.14342135190963746,"y":-0.14551439881324769,"z":0.021283870562911035,"w":-0.9787143468856812},"size":12.898881912231446,"orthographic":false}