{"cameraMode":{"drawMode":0,"name":"Shaded","section":"Shading Mode"},"sceneLighting":true,"audioPlay":false,"sceneViewState":{"m_AlwaysRefresh":false,"showFog":true,"showSkybox":true,"showFlares":true,"showImageEffects":true,"showParticleSystems":true,"showVisualEffectGraphs":true,"m_FxEnabled":true},"in2DMode":false,"pivot":{"x":3.120488405227661,"y":0.020005015656352044,"z":-6.682577610015869},"rotation":{"x":0.15878239274024964,"y":0.5707135200500488,"z":-0.11363396048545838,"w":0.7977279424667358},"size":3.9057652950286867,"orthographic":false}