{"cameraMode":{"drawMode":0,"name":"Shaded","section":"Shading Mode"},"sceneLighting":true,"audioPlay":false,"sceneViewState":{"m_AlwaysRefresh":false,"showFog":true,"showSkybox":true,"showFlares":true,"showImageEffects":true,"showParticleSystems":true,"showVisualEffectGraphs":true,"m_FxEnabled":true},"in2DMode":false,"pivot":{"x":1.9157991409301758,"y":0.01999950408935547,"z":-5.047372817993164},"rotation":{"x":0.21492430567741395,"y":0.44650766253471377,"z":-0.11141029000282288,"w":0.8614777326583862},"size":6.343467712402344,"orthographic":false}