{"cameraMode":{"drawMode":0,"name":"Shaded","section":"Shading Mode"},"sceneLighting":true,"audioPlay":false,"sceneViewState":{"m_AlwaysRefresh":false,"showFog":true,"showSkybox":true,"showFlares":true,"showImageEffects":true,"showParticleSystems":true,"showVisualEffectGraphs":true,"m_FxEnabled":true},"in2DMode":false,"pivot":{"x":-5.039999961853027,"y":1.5999994277954102,"z":-10.229999542236329},"rotation":{"x":0.13465115427970887,"y":-0.31514227390289309,"z":0.045229148119688037,"w":0.9385905265808106},"size":3.287989377975464,"orthographic":false}