{"cameraMode":{"drawMode":0,"name":"Shaded","section":"Shading Mode"},"sceneLighting":false,"audioPlay":false,"sceneViewState":{"m_AlwaysRefresh":false,"showFog":true,"showSkybox":false,"showFlares":true,"showImageEffects":true,"showParticleSystems":true,"showVisualEffectGraphs":true,"m_FxEnabled":true},"in2DMode":false,"pivot":{"x":-0.009999997913837433,"y":0.10586681216955185,"z":0.01866718754172325},"rotation":{"x":0.1313568651676178,"y":-0.3763379752635956,"z":0.053990017622709277,"w":0.9155418276786804},"size":0.27296191453933718,"orthographic":false}