{"cameraMode":{"drawMode":0,"name":"Shaded","section":"Shading Mode"},"sceneLighting":false,"audioPlay":false,"sceneViewState":{"m_AlwaysRefresh":false,"showFog":true,"showSkybox":false,"showFlares":true,"showImageEffects":true,"showParticleSystems":true,"showVisualEffectGraphs":true,"m_FxEnabled":true},"in2DMode":false,"pivot":{"x":3.725290298461914e-9,"y":0.09208758175373078,"z":0.04258756339550018},"rotation":{"x":0.25641801953315737,"y":-0.26541823148727419,"z":0.07345703989267349,"w":0.9265068769454956},"size":0.21961301565170289,"orthographic":false}