{"cameraMode":{"drawMode":0,"name":"Shaded","section":"Shading Mode"},"sceneLighting":false,"audioPlay":false,"sceneViewState":{"m_AlwaysRefresh":false,"showFog":true,"showSkybox":false,"showFlares":true,"showImageEffects":true,"showParticleSystems":true,"showVisualEffectGraphs":true,"m_FxEnabled":true},"in2DMode":false,"pivot":{"x":-0.8799999952316284,"y":1.5999994277954102,"z":6.519999980926514},"rotation":{"x":0.0393022857606411,"y":0.0029704272747039797,"z":-0.0001624590513529256,"w":0.9993217587471008},"size":0.8660253882408142,"orthographic":true}