{"cameraMode":{"drawMode":0,"name":"Shaded","section":"Shading Mode"},"sceneLighting":false,"audioPlay":false,"sceneViewState":{"m_AlwaysRefresh":false,"showFog":true,"showSkybox":false,"showFlares":true,"showImageEffects":true,"showParticleSystems":true,"showVisualEffectGraphs":true,"m_FxEnabled":true},"in2DMode":false,"pivot":{"x":-0.03415903449058533,"y":0.18753758072853089,"z":0.05998455733060837},"rotation":{"x":-0.018584974110126497,"y":0.69607013463974,"z":-0.0179067961871624,"w":-0.7176609635353088},"size":0.22663289308547975,"orthographic":false}