{"cameraMode":{"drawMode":0,"name":"Shaded","section":"Shading Mode"},"sceneLighting":false,"audioPlay":false,"sceneViewState":{"m_AlwaysRefresh":false,"showFog":true,"showSkybox":false,"showFlares":true,"showImageEffects":true,"showParticleSystems":true,"showVisualEffectGraphs":true,"m_FxEnabled":true},"in2DMode":false,"pivot":{"x":7.450580596923828e-9,"y":0.047671012580394748,"z":0.32806628942489626},"rotation":{"x":0.033514462411403659,"y":0.8995731472969055,"z":-0.07034998387098313,"w":0.4298926293849945},"size":0.37998878955841067,"orthographic":false}